"DESCRIPTION","DURATION IN MS","NAME","PARENT SUITE","START TIME","STATUS","STOP TIME","SUB SUITE","SUITE","TEST CLASS","TEST METHOD"
"Step two 点击账单商品标题 → 进入对应商品详情页","1153","点击账单商品标题进入详情页","testcases","2026-10-09","passed","2026-10-09","TestCheckout","test_checkout","",""
"Price (low to high) 排序","61","按价格低→高排序","testcases","2026-10-09","passed","2026-10-09","TestProducts","test_products","",""
"数据驱动：异常登录 → 断言错误文案 + 仍在登录页","564","异常登录 → 显示错误文案","testcases","2026-10-09","passed","2026-10-09","TestLogin","test_login","",""
"Step two 点击 Cancel → 返回商品主页","1094","Cancel 返回商品主页","testcases","2026-10-09","passed","2026-10-09","TestCheckout","test_checkout","",""
"数据驱动加载 YAML 用例，引擎执行步骤","1226","YAML 关键字驱动冒烟 - keywords/smoke_buy.yaml","testcases","2026-10-09","passed","2026-10-09","TestKeywordSmoke","test_keyword_smoke","",""
"商品详情页移除购物车，购物车商品数目角标 - 1","151","详情页从购物车移除","testcases","2026-10-09","passed","2026-10-09","TestProductDetail","test_product_detail","",""
"SD-LOGIN-015：密码输入框类型验证_掩码显示
        Arrange: 打开登录页
        Act:     在密码框输入任意内容
        Assert:  密码框 type 属性为 password（内容以掩码显示，不显示明文）
        ","631","密码输入框掩码显示验证","testcases","2026-10-09","passed","2026-10-09","TestLogin","test_login","",""
"商品详情页加入购物车，购物车商品数目角标 + 1","112","详情页加入购物车","testcases","2026-10-09","passed","2026-10-09","TestProductDetail","test_product_detail","",""
"结账完成后购物车被重置（角标消失）","2551","结账完成后购物车被重置","testcases","2026-10-09","passed","2026-10-09","TestCheckout","test_checkout","",""
"Step one 填写完整信息 → 进入 step two","185","完整信息填写成功进入 Step Two","testcases","2026-10-09","passed","2026-10-09","TestCheckout","test_checkout","",""
"每个商品一个用例：加入购物车","49","加入单个商品到购物车","testcases","2026-10-09","passed","2026-10-09","TestProducts","test_products","",""
"商品详情页移除购物车，购物车商品数目角标 - 1","139","详情页从购物车移除","testcases","2026-10-09","passed","2026-10-09","TestProductDetail","test_product_detail","",""
"移除全部商品","1995","购物车移除全部商品","testcases","2026-10-09","passed","2026-10-09","TestCart","test_cart","",""
"Step one 点击 Cancel → 返回购物车","55","Cancel 返回购物车","testcases","2026-10-09","passed","2026-10-09","TestCheckout","test_checkout","",""
"Name (A to Z) 排序","43","按商品名称 A→Z 排序","testcases","2026-10-09","passed","2026-10-09","TestProducts","test_products","",""
"商品详情页返回所有商品页面","121","详情页返回商品列表","testcases","2026-10-09","passed","2026-10-09","TestProductDetail","test_product_detail","",""
"每个商品一个用例：加入购物车","53","加入单个商品到购物车","testcases","2026-10-09","passed","2026-10-09","TestProducts","test_products","",""
"每个商品一个用例：加入购物车","46","加入单个商品到购物车","testcases","2026-10-09","passed","2026-10-09","TestProducts","test_products","",""
"商品详情页返回所有商品页面","614","详情页返回商品列表","testcases","2026-10-09","passed","2026-10-09","TestProductDetail","test_product_detail","",""
"Step three 点击 Back Home → 返回主页","1710","Back Home 返回主页","testcases","2026-10-09","passed","2026-10-09","TestCheckout","test_checkout","",""
"账单含税：subtotal + tax = total（含一定四舍五入误差）","1508","账单含税验证 (subtotal + tax = total)","testcases","2026-10-09","passed","2026-10-09","TestCheckout","test_checkout","",""
"商品详情页加入购物车，购物车商品数目角标 + 1","128","详情页加入购物车","testcases","2026-10-09","passed","2026-10-09","TestProductDetail","test_product_detail","",""
"点击购物车商品标题 → 进入对应商品的详情页","52","点击购物车商品标题进入详情页","testcases","2026-10-09","passed","2026-10-09","TestCart","test_cart","",""
"数据驱动：输入合法账号 → 登录成功进入主页","557","合法账号登录 → 进入主页","testcases","2026-10-09","passed","2026-10-09","TestLogin","test_login","",""
"First Name 空 → Error: First Name is required","114","First Name 为空校验","testcases","2026-10-09","passed","2026-10-09","TestCheckout","test_checkout","",""
"数据驱动：异常登录 → 断言错误文案 + 仍在登录页","1000","异常登录 → 显示错误文案","testcases","2026-10-09","passed","2026-10-09","TestLogin","test_login","",""
"商品详情页返回所有商品页面","128","详情页返回商品列表","testcases","2026-10-09","passed","2026-10-09","TestProductDetail","test_product_detail","",""
"每个商品一个用例：加入购物车","53","加入单个商品到购物车","testcases","2026-10-09","passed","2026-10-09","TestProducts","test_products","",""
"随机加购多个商品作为一个用例","115","随机加入 3 件商品到购物车","testcases","2026-10-09","passed","2026-10-09","TestProducts","test_products","",""
"SD-LOGIN-013：错误提示框的关闭功能_错误提示消失
        Arrange: 打开登录页，触发一个错误（密码为空）
        Act:     点击红色错误提示框右上角的 × 按钮
        Assert:  1. 错误提示框消失  2. 用户名输入框内容保留
        ","654","错误提示框关闭按钮","testcases","2026-10-09","passed","2026-10-09","TestLogin","test_login","",""
"Step two Finish → 进入 step three（结账完毕）","1652","Finish 进入结账完成页","testcases","2026-10-09","passed","2026-10-09","TestCheckout","test_checkout","",""
"商品详情页加入购物车，购物车商品数目角标 + 1","117","详情页加入购物车","testcases","2026-10-09","passed","2026-10-09","TestProductDetail","test_product_detail","",""
"商品详情页移除购物车，购物车商品数目角标 - 1","134","详情页从购物车移除","testcases","2026-10-09","passed","2026-10-09","TestProductDetail","test_product_detail","",""
"","0","test_safe_filename_sanitizes_invalid_chars[plain]","testcases","2026-10-09","passed","2026-10-09","","test_helpers","",""
"数据驱动：异常登录 → 断言错误文案 + 仍在登录页","600","异常登录 → 显示错误文案","testcases","2026-10-09","passed","2026-10-09","TestLogin","test_login","",""
"商品详情页返回所有商品页面","117","详情页返回商品列表","testcases","2026-10-09","passed","2026-10-09","TestProductDetail","test_product_detail","",""
"商品详情页加入购物车，购物车商品数目角标 + 1","114","详情页加入购物车","testcases","2026-10-09","passed","2026-10-09","TestProductDetail","test_product_detail","",""
"点击购物车商品标题 → 进入对应商品的详情页","55","点击购物车商品标题进入详情页","testcases","2026-10-09","passed","2026-10-09","TestCart","test_cart","",""
"每个商品一个用例：加入购物车","50","加入单个商品到购物车","testcases","2026-10-09","passed","2026-10-09","TestProducts","test_products","",""
"商品详情页加入购物车，购物车商品数目角标 + 1","146","详情页加入购物车","testcases","2026-10-09","passed","2026-10-09","TestProductDetail","test_product_detail","",""
"Price (high to low) 排序","59","按价格高→低排序","testcases","2026-10-09","passed","2026-10-09","TestProducts","test_products","",""
"","0","test_safe_filename_sanitizes_invalid_chars[slashes]","testcases","2026-10-09","passed","2026-10-09","","test_helpers","",""
"每个商品一个用例：加入购物车","45","加入单个商品到购物车","testcases","2026-10-09","passed","2026-10-09","TestProducts","test_products","",""
"点击购物车商品标题 → 进入对应商品的详情页","59","点击购物车商品标题进入详情页","testcases","2026-10-09","passed","2026-10-09","TestCart","test_cart","",""
"商品详情页移除购物车，购物车商品数目角标 - 1","144","详情页从购物车移除","testcases","2026-10-09","passed","2026-10-09","TestProductDetail","test_product_detail","",""
"商品详情页加入购物车，购物车商品数目角标 + 1","129","详情页加入购物车","testcases","2026-10-09","passed","2026-10-09","TestProductDetail","test_product_detail","",""
"核对账单条目正确性（多商品）","1653","账单条目与购物车一致","testcases","2026-10-09","passed","2026-10-09","TestCheckout","test_checkout","",""
"数据驱动：异常登录 → 断言错误文案 + 仍在登录页","970","异常登录 → 显示错误文案","testcases","2026-10-09","passed","2026-10-09","TestLogin","test_login","",""
"全部留空 → Error: First Name is required","63","全部字段留空校验","testcases","2026-10-09","passed","2026-10-09","TestCheckout","test_checkout","",""
"","0","test_safe_filename_sanitizes_invalid_chars[pipes_colons]","testcases","2026-10-09","passed","2026-10-09","","test_helpers","",""
"Zip/Postal Code 空 → Error: Postal Code is required","142","Zip/Postal Code 为空校验","testcases","2026-10-09","passed","2026-10-09","TestCheckout","test_checkout","",""
"点击购物车商品标题 → 进入对应商品的详情页","56","点击购物车商品标题进入详情页","testcases","2026-10-09","passed","2026-10-09","TestCart","test_cart","",""
"商品详情页打开购物车页面","94670","详情页打开购物车页面","testcases","2026-10-09","broken","2026-10-09","TestProductDetail","test_product_detail","",""
"","0","test_safe_filename_sanitizes_invalid_chars[empty]","testcases","2026-10-09","passed","2026-10-09","","test_helpers","",""
"数据驱动：异常登录 → 断言错误文案 + 仍在登录页","586","异常登录 → 显示错误文案","testcases","2026-10-09","passed","2026-10-09","TestLogin","test_login","",""
"SD-LOGIN-014：未登录直接访问 inventory.html_重定向到登录页
        Arrange: 打开登录页（未登录状态）
        Act:     直接访问 /inventory.html
        Assert:  页面被重定向回登录页（URL 不含 inventory）
        ","428","未登录直接访问 inventory 重定向到登录页","testcases","2026-10-09","passed","2026-10-09","TestLogin","test_login","",""
"点击购物车商品标题 → 进入对应商品的详情页","56","点击购物车商品标题进入详情页","testcases","2026-10-09","passed","2026-10-09","TestCart","test_cart","",""
"Last Name 空 → Error: Last Name is required","129","Last Name 为空校验","testcases","2026-10-09","passed","2026-10-09","TestCheckout","test_checkout","",""
"数据驱动：输入合法账号 → 登录成功进入主页","594","合法账号登录 → 进入主页","testcases","2026-10-09","passed","2026-10-09","TestLogin","test_login","",""
"点击购物车商品标题 → 进入对应商品的详情页","57","点击购物车商品标题进入详情页","testcases","2026-10-09","passed","2026-10-09","TestCart","test_cart","",""
"点击 Checkout → 进入结账流程 step one","0","Checkout 进入结账 Step One","testcases","2026-10-09","broken","2026-10-09","TestCart","test_cart","",""
"点击 Continue Shopping → 返回主页继续购物","0","Continue Shopping 返回主页","testcases","2026-10-09","broken","2026-10-09","TestCart","test_cart","",""
"数据驱动加载 YAML 用例，引擎执行步骤","1079","YAML 关键字驱动冒烟 - keywords/smoke_login.yaml","testcases","2026-10-09","passed","2026-10-09","TestKeywordSmoke","test_keyword_smoke","",""
"","0","test_safe_filename_truncates_long_names","testcases","2026-10-09","passed","2026-10-09","","test_helpers","",""
"核对账单价格正确性","1452","账单小计等于购物车商品总价","testcases","2026-10-09","passed","2026-10-09","TestCheckout","test_checkout","",""
"商品详情页移除购物车，购物车商品数目角标 - 1","146","详情页从购物车移除","testcases","2026-10-09","passed","2026-10-09","TestProductDetail","test_product_detail","",""
"数据驱动：输入合法账号 → 登录成功进入主页","668","合法账号登录 → 进入主页","testcases","2026-10-09","passed","2026-10-09","TestLogin","test_login","",""
"","0","test_safe_filename_sanitizes_invalid_chars[css_selector]","testcases","2026-10-09","passed","2026-10-09","","test_helpers","",""
"数据驱动：输入合法账号 → 登录成功进入主页","5608","合法账号登录 → 进入主页","testcases","2026-10-09","passed","2026-10-09","TestLogin","test_login","",""
"数据驱动：输入合法账号 → 登录成功进入主页","609","合法账号登录 → 进入主页","testcases","2026-10-09","passed","2026-10-09","TestLogin","test_login","",""
"商品详情页返回所有商品页面","638","详情页返回商品列表","testcases","2026-10-09","passed","2026-10-09","TestProductDetail","test_product_detail","",""
"商品详情页返回所有商品页面","138","详情页返回商品列表","testcases","2026-10-09","passed","2026-10-09","TestProductDetail","test_product_detail","",""
"Name (Z to A) 排序","71","按商品名称 Z→A 排序","testcases","2026-10-09","passed","2026-10-09","TestProducts","test_products","",""
"商品详情页移除购物车，购物车商品数目角标 - 1","94674","详情页从购物车移除","testcases","2026-10-09","broken","2026-10-09","TestProductDetail","test_product_detail","",""
"每个商品一个用例：移除购物车","64995","从购物车移除单个商品","testcases","2026-10-09","failed","2026-10-09","TestProducts","test_products","",""
